ID,Length,Tm,GC_Content,Shannon_Entropy
seq1,37,65.86916840274199,0.5135135135135135,1.985857993902358
seq3,37,64.20653220500179,0.4594594594594595,1.9901993701972769
