Sequence_ID,Primer_Sequence,Start_Position,Length_x,ID,Length_y,Tm,GC_Content,Shannon_Entropy,Score
seq1,q1,2,20,seq1,37,65.86916840274199,0.5135135135135135,1.9858579939023584,2
seq1,1,3,20,seq1,37,65.86916840274199,0.5135135135135135,1.9858579939023584,2
seq3,q3,2,20,seq3,37,64.20653220500179,0.4594594594594595,1.9901993701972769,2
seq3,3,3,20,seq3,37,64.20653220500179,0.4594594594594595,1.9901993701972769,2
